DOF,nCellu,polyDegu,polyDegPoreu,maxE_coupled_i,L2_coupled_i,L2_coupled_analytical_i,runtime_iter_coupled_i,iter_coupled_i,maxE_oca_fpi_i,L2_oca_fpi_i,L2_oca_fpi_analytical_i,runtime_iter_oca_fpi_i,iter_oca_fpi_i
1760.0,2.0,4.0,4.0,2.0332386385625796,34.28261090107724,181.1217325244513,3.169,115.0,166.13946706893842,15111.331996048992,16847.167200032003,1.822,114.0
1760.0,2.0,4.0,4.0,2.134075144610051,16.22128705002535,172.35655016375162,3.605,115.0,125.62415496322991,13917.601290843724,10986.146398762607,2.159,114.0
1760.0,2.0,4.0,4.0,1.9590863479138534,13.010268679424557,159.8415253791112,4.029,115.0,72.40890752011953,8496.972654295269,7013.072580219496,2.474,114.0
1760.0,2.0,4.0,4.0,1.6974849068215576,16.095280553891683,144.37788681030565,4.454,115.0,55.653236252835825,4237.568567161054,5003.164934169728,2.795,114.0
1760.0,2.0,4.0,4.0,1.5057677846633055,15.020372900869699,129.67463499570982,4.881,115.0,45.606618451081374,2899.0225393778574,3707.0710112886195,3.094,114.0
1760.0,2.0,4.0,4.0,1.3891123736474924,14.569212584985516,115.23206467328208,5.31,115.0,28.211074515157122,2169.040175048398,2634.2445289668967,3.378,114.0
1760.0,2.0,4.0,4.0,1.206044922399201,14.648948079033184,100.71945524504888,5.735,115.0,21.73474373466263,1443.9621650789022,1873.1922324473994,3.656,114.0
1760.0,2.0,4.0,4.0,1.0143273573948477,13.533385967424813,87.27633195501107,6.158,115.0,14.28651195675451,993.6353004477186,1226.5184665630566,3.922,114.0
1760.0,2.0,4.0,4.0,0.8447599191552513,11.743555376487903,75.57514652146018,6.585,115.0,12.601476991209097,692.4052996932395,810.8036359464664,4.175,114.0
1760.0,2.0,4.0,4.0,0.7317302390909504,10.058896029413495,65.52582996571674,7.025,115.0,6.294989761949807,404.831417525718,572.14180475276,4.426,114.0
1760.0,2.0,4.0,4.0,0.6431194991988605,8.70780040057986,56.82015120049472,7.456,115.0,4.682898143109014,260.194538803133,357.1727883326533,4.68,114.0
1760.0,2.0,4.0,4.0,0.5628582712004118,7.599234193581157,49.2265533694585,7.887,115.0,2.968123636913049,205.99467982991501,248.3464979551838,4.916,114.0
1760.0,2.0,4.0,4.0,0.4868174607869378,6.6526380130365705,42.58134971719873,8.32,115.0,2.1740493883143586,131.88614770606614,219.4261075655979,5.152,114.0
1760.0,2.0,4.0,4.0,0.4170574666936204,5.841438056860817,36.744978707683636,8.742,115.0,2.4325700403672954,70.92789001938294,197.0641210628596,5.405,114.0
1760.0,2.0,4.0,4.0,0.35504453796175994,5.139907953278759,31.607063898992703,9.173,115.0,2.2286030706687825,53.75897070284016,172.48542903213678,5.657,114.0
1760.0,2.0,4.0,4.0,0.30132400049018315,4.513986053674939,27.093719707947013,9.592,115.0,1.7436646249881278,48.25166256805322,147.4286946558704,5.924,114.0
1760.0,2.0,4.0,4.0,0.2556327870864834,3.9398577069314684,23.154400817485516,10.024,115.0,1.347619238494815,35.38860108922529,123.38039043178978,6.334,114.0
1760.0,2.0,4.0,4.0,0.2171691825640778,3.411266073844525,19.74379432506446,10.442,115.0,1.1317605809701377,24.551566150748275,102.53128943108439,6.719,114.0
1760.0,2.0,4.0,4.0,0.1848804561761881,2.93187878677096,16.812514816219966,10.87,115.0,0.9679987206619671,17.9238988051951,85.31444703500395,7.013,114.0
1760.0,2.0,4.0,4.0,0.15769593100338852,2.506162836331069,14.306765675215532,11.296,115.0,0.8151817244894914,14.119253075647793,71.35019587584561,7.297,114.0
1760.0,2.0,4.0,4.0,0.13467183838565688,2.135216389701509,12.171806165691297,11.716,115.0,0.6693510609876512,11.613619724110313,59.959448926926676,7.569,114.0
1760.0,2.0,4.0,4.0,0.11504804952835457,1.8165155872176248,10.355487107850486,12.152,115.0,0.5403895019156835,9.699936793969743,50.371852627148456,7.913,114.0
1760.0,2.0,4.0,4.0,0.09824297615608657,1.5451265785791586,8.810570758714139,12.568,115.0,0.43570835189268564,8.291420608920669,42.1059210896071,8.23,114.0
1760.0,2.0,4.0,4.0,0.0838187142067568,1.315011341390888,7.495811056543669,12.989,115.0,0.3730403214127591,7.117110710375989,35.00097801972467,8.516,114.0
1760.0,2.0,4.0,4.0,0.07146704715330543,1.1200096154588668,6.376096832725939,13.431,115.0,0.31640838559775375,6.004768598894556,29.007268107559405,8.796,114.0
1760.0,2.0,4.0,4.0,0.06092536112515745,0.9544582592454479,5.421979033168593,13.849,115.0,0.2644716800206197,4.9741166164278825,24.0427248211271,9.072,114.0
1760.0,2.0,4.0,4.0,0.051930312889226116,0.8134986936192888,4.608875140694829,14.265,115.0,0.21922698618027425,4.0796771037607025,19.969508122089447,9.351,114.0
1760.0,2.0,4.0,4.0,0.044279976514246755,0.6931458819221047,3.916193135531657,14.702,115.0,0.1820246037476636,3.343890059798043,16.62874029626848,9.645,114.0
1760.0,2.0,4.0,4.0,0.0377891576453635,0.5902042208147467,3.326537602274871,15.133,115.0,0.1523969433026764,2.753803160776844,13.87637489174014,9.907,114.0
1760.0,2.0,4.0,4.0,0.032290048691891116,0.5021129346278606,2.825073204181179,15.567,115.0,0.12880566358813894,2.2801136072104664,11.597407730832181,10.161,114.0
1760.0,2.0,4.0,4.0,0.027633328719048222,0.4267836105738653,2.3990530963706984,16.023,115.0,0.10961806965866572,1.8952280265085781,9.703294526988827,10.433,114.0
1760.0,2.0,4.0,4.0,0.023689025509952444,0.3624660731416004,2.0374821061808777,16.487,115.0,0.09362243070728482,1.5795298537805502,8.124703224191661,10.704,114.0
1760.0,2.0,4.0,4.0,0.020517303502231243,0.30765435375826977,1.7308734696062602,17.282,115.0,0.08007479256065153,1.3193997036628653,6.8060386283760685,10.962,114.0
1760.0,2.0,4.0,4.0,0.017997436822440704,0.2610292964342229,1.4710623705772408,18.014,115.0,0.06853724714562759,1.1043037450654793,5.702342779043421,11.219,114.0
1760.0,2.0,4.0,4.0,0.015865950799025086,0.22142752634666776,1.2510502140406774,18.431,115.0,0.05871741143783993,0.9255763566355846,4.777326373999788,11.466,114.0
1760.0,2.0,4.0,4.0,0.01406300535182936,0.18782525416082116,1.0648650301078788,18.849,115.0,0.050381543766945924,0.7762256684939556,4.001671014527158,11.734,114.0
1760.0,2.0,4.0,4.0,0.01253740293827832,0.1593285041621429,0.9074315426221516,19.266,115.0,0.043325910332384865,0.6508532653434986,3.3514423240519635,12.002,114.0
1760.0,2.0,4.0,4.0,0.011245571974484392,0.1351643738528583,0.774449613391748,19.688,115.0,0.03737158407898278,0.5453867119786463,2.8067696506271766,12.254,114.0
1760.0,2.0,4.0,4.0,0.010150763867784462,0.11467102348314805,0.6622819682981036,20.115,115.0,0.03236216453763063,0.45669476762386685,2.3509086613803363,12.522,114.0
1760.0,2.0,4.0,4.0,0.009222727796441177,0.09728607786200844,0.5678524279713157,20.548,115.0,0.028159954523118813,0.3822416917075779,1.9696490474112065,12.774,114.0
1760.0,2.0,4.0,4.0,0.008435327130712267,0.08253408662455627,0.4885553336297453,20.976,115.0,0.02464261052409711,0.31986755161630576,1.6509406408359601,13.026,114.0
1760.0,2.0,4.0,4.0,0.00776755037327348,0.07001401062270084,0.4221761698297878,21.404,115.0,0.021701746689814172,0.2676895707050193,1.3846169815726155,13.294,114.0
1760.0,2.0,4.0,4.0,0.007200844913995752,0.059387557877188905,0.36682305627627887,21.859,115.0,0.019242927254083497,0.22407089275742734,1.1621497319410885,13.546,114.0
1760.0,2.0,4.0,4.0,0.006720144366738623,0.05036888926468939,0.32086892137640216,22.301,115.0,0.017185704488099418,0.18760873100646616,0.9764150873265317,13.813,114.0
1760.0,2.0,4.0,4.0,0.006312643425474107,0.042715911519878795,0.2829045121975413,22.741,115.0,0.015462878654602719,0.15711830341135663,0.8214762662355773,14.066,114.0
1760.0,2.0,4.0,4.0,0.005967054748850842,0.03622310489389804,0.25170242189887443,23.199,115.0,0.014018947348972688,0.13160865900243526,0.6923895621355818,14.333,114.0
1760.0,2.0,4.0,4.0,0.005674026472320293,0.030715700918097062,0.2261915112755403,23.64,115.0,0.012808186588927128,0.11025509551615777,0.5850367594925597,14.585,114.0
1760.0,2.0,4.0,4.0,0.005425593354402736,0.026044947393686232,0.20543963838135068,24.096,115.0,0.011792790003596565,0.09237251317411652,0.4959824143363503,14.837,114.0
1760.0,2.0,4.0,4.0,0.005214977896116579,0.02208423433227333,0.18864135258307538,24.537,115.0,0.010941308010785633,0.07739178173188352,0.4223528535292278,15.105,114.0
1760.0,2.0,4.0,4.0,0.005407036999770298,0.01872585892782978,0.17510718241369325,24.979,115.0,0.010227434685077696,0.06483960783250002,0.3617338399507951,15.357,114.0
1760.0,2.0,4.0,4.0,0.005578985201680098,0.015878287384268695,0.16425240129524055,25.453,115.0,0.009629083461049959,0.0543217188199631,0.31208472234554,15.624,114.0
1760.0,2.0,4.0,4.0,0.00572477778399616,0.013463808901394068,0.15558488325617223,25.907,115.0,0.009127677169658455,0.04550870739282963,0.27166774986697906,15.892,114.0
1760.0,2.0,4.0,4.0,0.005848399661033454,0.011416500092117124,0.1486928433940452,26.364,115.0,0.008707581186058633,0.03812486964781062,0.2389911870078246,16.16,114.0
1760.0,2.0,4.0,4.0,0.005953225855705568,0.009680478421985201,0.14323348023037866,26.821,115.0,0.0083556460730847,0.03193903539188609,0.2127674533358731,16.427,114.0
1760.0,2.0,4.0,4.0,0.0060421152142566825,0.008208382335258285,0.13892310019434273,27.277,115.0,0.008060821861306522,0.02675713306166317,0.19188682255966585,16.679,114.0
1760.0,2.0,4.0,4.0,0.006117490216695387,0.006960076356520607,0.1355287024303398,27.734,115.0,0.007813836007471764,0.022416392850759304,0.17540006957397275,16.947,114.0
1760.0,2.0,4.0,4.0,0.006181404295318771,0.0059015451741255874,0.13286066348452388,28.238,115.0,0.00760691647258227,0.01878022885898929,0.16250111822029947,17.215,114.0
1760.0,2.0,4.0,4.0,0.006235598769080752,0.005003949964069191,0.13076615344007514,28.994,115.0,0.007433553977364227,0.01573416544613657,0.15250786568586425,17.483,114.0
1760.0,2.0,4.0,4.0,0.006281550572225569,0.0042428383864904036,0.1291230942435423,29.451,115.0,0.0072883005687458535,0.013182378467979941,0.14484389499214081,17.746,114.0
1760.0,2.0,4.0,4.0,0.006320512590320959,0.0035974721736821477,0.12783466077606412,29.908,115.0,0.007166595563660394,0.011044551667375327,0.13902380130926106,18.006,114.0
1760.0,2.0,4.0,4.0,0.006353547628521028,0.0030502596136779783,0.12682442088716786,30.364,115.0,0.007064620101857599,0.009253450581496295,0.1346428825548408,18.27,114.0
1760.0,2.0,4.0,4.0,0.0063815571468239796,0.0025862796216720605,0.126032197465343,30.821,115.0,0.006979176698735046,0.007752844041357757,0.13136963634884943,18.529,114.0
1760.0,2.0,4.0,4.0,0.006405305668693018,0.002192875805844697,0.12541067265282402,31.278,115.0,0.006907586540137345,0.00649560367223782,0.12893864459166812,18.794,114.0
1760.0,2.0,4.0,4.0,0.006425441503438378,0.001859314400573115,0.12492267504888929,31.75,115.0,0.0068476041117264685,0.005442199531676267,0.12714242564231576,19.053,114.0
1760.0,2.0,4.0,4.0,0.006442514320156079,0.0015764923714722415,0.1245390403015722,32.223,115.0,0.006797348705163131,0.0045596657289422625,0.12582220784472217,19.313,114.0
1760.0,2.0,4.0,4.0,0.006456990148251407,0.0013366907025942076,0.12423692687294301,32.695,115.0,0.006755242157566954,0.0038202295441194974,0.12485838514408656,19.566,114.0
1760.0,2.0,4.0,4.0,0.006469264049599133,0.0011333655541747442,0.12399848113404018,33.167,115.0,0.006719964176511439,0.003200724830244112,0.12416176277267166,19.884,114.0
1760.0,2.0,4.0,4.0,0.006479671000988674,0.0009609672294871154,0.12380977629908588,33.639,115.0,0.006690406482505296,0.002681673715405819,0.1236659918143833,20.166,114.0
1760.0,2.0,4.0,4.0,0.006488494971733871,0.0008147923713254039,0.12365996624010135,34.111,115.0,0.0066656422579853825,0.002246811076960143,0.12332144708855163,20.45,114.0
1760.0,2.0,4.0,4.0,0.006495976726057506,0.0006908517188695723,0.12354061395718208,34.586,115.0,0.006644893798466001,0.0018824782587055346,0.12309040077714317,20.749,114.0
1760.0,2.0,4.0,4.0,0.006502320420338492,0.0005857629089380123,0.12344516131258004,35.039,115.0,0.006627509688030386,0.0015771918433022721,0.12294342592445041,21.033,114.0
1760.0,2.0,4.0,4.0,0.00650769914528837,0.0004966598177716327,0.12336851055839163,35.511,115.0,0.00661294530732448,0.001321425572627694,0.12285715437857025,21.303,114.0
1760.0,2.0,4.0,4.0,0.006512259690850897,0.00042110965685468184,0.1233066976457968,35.983,115.0,0.006600742179671215,0.0011071606681184517,0.12281311819793636,21.581,114.0
1760.0,2.0,4.0,4.0,0.0065161264905100325,0.0003570521858580763,0.12325663640073285,36.472,115.0,0.006590517679114782,0.0009276320979545237,0.12279711652732055,21.846,114.0
1760.0,2.0,4.0,4.0,0.006519405084588925,0.00030273872472020793,0.12321591994065889,36.991,115.0,0.006581951192117685,0.0007771958932067013,0.12279873849175571,22.109,114.0
1760.0,2.0,4.0,4.0,0.006522184948209997,0.00025668697452392624,0.12318266662419328,37.794,115.0,0.0065747737107244575,0.0006511663120404045,0.12281069026025106,22.379,114.0
1760.0,2.0,4.0,4.0,0.006524541940677864,0.00021764081835279092,0.12315540049680576,38.535,115.0,0.0065687602973980574,0.000545571813253714,0.12282808500302711,22.631,114.0
1760.0,2.0,4.0,4.0,0.00652654039350864,0.0001845342463119429,0.12313295991968098,38.959,115.0,0.006563721957377311,0.00045710570089299444,0.12284776740145782,22.898,114.0
1760.0,2.0,4.0,4.0,0.0065282348571713555,0.0001564633432737951,0.12311442683983763,39.416,115.0,0.006559500645948901,0.00038299413291896376,0.12286780068876067,23.151,114.0
1760.0,2.0,4.0,4.0,0.0065296715437739294,0.0001326622933064813,0.1230990714494586,39.888,115.0,0.0065559637054661835,0.0003208752392532623,0.12288701558811392,23.419,114.0
1760.0,2.0,4.0,4.0,0.0065308897004001665,0.00011248234943574855,0.12308631247194657,40.345,115.0,0.006553000461110514,0.000268844670617979,0.12290480519183032,23.704,114.0
1760.0,2.0,4.0,4.0,0.006531922554245284,9.537230784139258e-5,0.12307568291995749,40.8,115.0,0.006550517932794264,0.00022524512050372736,0.12292087152820852,23.973,114.0
1760.0,2.0,4.0,4.0,0.00653279829469966,8.086451544008535e-5,0.12306680692731728,41.257,115.0,0.006548437710534927,0.00018873924508592334,0.12293515504622052,24.272,114.0
1760.0,2.0,4.0,4.0,0.006533540815325978,6.856383422598521e-5,0.12305937976772831,41.715,115.0,0.006546694606527126,0.00015811543971793604,0.12294767346877818,24.556,114.0
1760.0,2.0,4.0,4.0,0.006534170404847828,5.813383816181419e-5,0.12305315373064638,42.164,115.0,0.0065452343853849015,0.00013247802446576928,0.12295855765408632,24.846,114.0
1760.0,2.0,4.0,4.0,0.006534704210537257,4.929076023553872e-5,0.12304792624979168,42.621,115.0,0.006544011146729645,0.00011099462863693941,0.12296794420366129,25.108,114.0
1760.0,2.0,4.0,4.0,0.006535156816255494,4.1792907612272416e-5,0.12304353103738362,43.078,115.0,0.00654298611283366,9.301500182551751e-5,0.12297601128027283,25.376,114.0
1760.0,2.0,4.0,4.0,0.006535540575043797,3.5435476775549103e-5,0.12303983123707524,43.534,115.0,0.0065421269810030935,7.792216250033204e-5,0.12298289470812859,25.646,114.0
1760.0,2.0,4.0,4.0,0.006535865953594566,3.0044906567690776e-5,0.12303671345382763,43.975,115.0,0.006541407477527628,6.527520833065747e-5,0.12298875303787958,25.912,114.0
1760.0,2.0,4.0,4.0,0.00653614183636364,2.547467382212936e-5,0.12303408389507701,44.416,115.0,0.006540804808366829,5.469353708015834e-5,0.12299372540396294,26.18,114.0
1760.0,2.0,4.0,4.0,0.006536375753341872,2.1599570930034184e-5,0.12303186439450295,44.872,115.0,0.0065402996682450976,4.585028056819509e-5,0.12299795084807555,26.448,114.0
1760.0,2.0,4.0,4.0,0.006536574088158886,1.8313885355595988e-5,0.12302998960443007,45.345,115.0,0.0065398760859807226,3.8371751979294266e-5,0.12300150521958923,26.731,114.0
1760.0,2.0,4.0,4.0,0.006536742250034422,1.552791636875201e-5,0.12302840526527609,45.827,115.0,0.00653952209097497,3.2179729333963264e-5,0.1230045087880845,27.003,114.0
1760.0,2.0,4.0,4.0,0.006536884838908463,1.3165985849859479e-5,0.12302706560815799,46.273,115.0,0.006539224918469699,2.696679540360109e-5,0.12300705155337947,27.276,114.0
1760.0,2.0,4.0,4.0,0.006537005729853718,1.1163020361618275e-5,0.12302593252593913,46.761,115.0,0.0065389757295406525,2.2586097376935698e-5,0.12300918338623475,27.542,114.0
1760.0,2.0,4.0,4.0,0.006537108224165422,9.465017592173573e-6,0.12302497353435367,47.297,115.0,0.006538767043707594,1.8919313558253706e-5,0.12301097969207782,27.813,114.0
1760.0,2.0,4.0,4.0,0.006537195138832885,8.025233473712702e-6,0.12302416191772818,47.801,115.0,0.006538592351205352,1.585442226683008e-5,0.123012489771531,28.084,114.0
1760.0,2.0,4.0,4.0,0.006537268827969456,6.804746243767939e-6,0.12302347479564925,48.318,115.0,0.006538445864066489,1.3278402951225706e-5,0.12301375863544281,28.355,114.0
1760.0,2.0,4.0,4.0,0.006537331308948069,5.769276125686814e-6,0.12302289301741898,48.79,115.0,0.006538323152540215,1.1122917322918966e-5,0.12301482203759348,28.632,114.0
1760.0,2.0,4.0,4.0,0.006537384284001746,4.8916899581028056e-6,0.12302240012645543,49.264,115.0,0.006538220447509957,9.319281065513103e-6,0.12301571715648303,28.901,114.0
1760.0,2.0,4.0,4.0,0.006537429206275647,4.14765510733387e-6,0.12302198260793408,49.73,115.0,0.00653813444989737,7.812036207205954e-6,0.12301646848568379,29.172,114.0
1760.0,2.0,4.0,4.0,0.006537467290911536,3.5169693572614952e-6,0.1230216288357133,50.188,115.0,0.0065380623429405205,6.543270751869407e-6,0.12301709861867391,29.441,114.0
1760.0,2.0,4.0,4.0,0.006537499584851503,2.9818072445133253e-6,0.12302132912744437,50.649,115.0,0.006538001945841643,5.481864252279694e-6,0.1230176269388858,29.725,114.0
1760.0,2.0,4.0,4.0,0.00653752696570109,2.528142572483837e-6,0.12302107507163246,51.108,115.0,0.006537951295001676,4.593487857298573e-6,0.12301807018271388,30.006,114.0
1760.0,2.0,4.0,4.0,0.006537550179132268,2.143546738371041e-6,0.1230208598643603,51.568,115.0,0.006537908877589871,3.851330913823842e-6,0.12301844223781545,30.274,114.0
1760.0,2.0,4.0,4.0,0.006537569866964077,1.8175392037740824e-6,0.12302067737887504,52.03,115.0,0.006537873310946907,3.223035250727409e-6,0.12301875391240116,30.542,114.0
1760.0,2.0,4.0,4.0,0.006537586554827612,1.5411097638980395e-6,0.12302052278275966,52.48,115.0,0.006537843553985567,2.7035329950980474e-6,0.12301901547074152,30.826,114.0
1760.0,2.0,4.0,4.0,0.006537600702358759,1.3068538940835024e-6,0.12302039163467328,52.952,115.0,0.006537818594154032,2.263392012091063e-6,0.12301923481571872,31.094,114.0
1760.0,2.0,4.0,4.0,0.006537612705699303,1.1078733478603993e-6,0.12302028060957895,53.455,115.0,0.006537797685837177,1.8977879225432834e-6,0.12301941866678197,31.378,114.0
1760.0,2.0,4.0,4.0,0.0065376228791365065,9.392066206434921e-7,0.1230201863788529,54.289,115.0,0.006537780132475746,1.5882955461564536e-6,0.1230195718435696,31.693,114.0
1760.0,2.0,4.0,4.0,0,0,0,0,0,0.006537765483074054,1.3337327857251772e-6,0.12301970119308965,32.322,114.0
1760.0,2.0,4.0,4.0,0,0,0,0,0,0.006537753173915917,1.1143953673778653e-6,0.12301980922105346,32.907,114.0
1760.0,2.0,4.0,4.0,0,0,0,0,0,0.0065377429002637655,9.362815105346332e-7,0.12301989994064153,33.174,114.0
3520.0,4.0,4.0,4.0,2.0340184267271866,34.2812047549749,181.10595122772074,9.885,115.0,166.1574030881025,15113.169640130018,16848.01152434761,3.07,114.0
3520.0,4.0,4.0,4.0,2.133176087112645,16.226940412079657,172.3416077868951,11.94,115.0,125.61435634533105,13918.365687941148,10987.276753066875,3.88,114.0
3520.0,4.0,4.0,4.0,1.9604562699713597,13.007180714301684,159.83069832343423,13.41,115.0,72.48922444117692,8497.559411248127,7013.953244554017,4.636,114.0
3520.0,4.0,4.0,4.0,1.6989114703205246,16.09267745205911,144.37041092282232,15.189,115.0,55.670821144315255,4238.066487854648,5003.057520206401,5.444,114.0
3520.0,4.0,4.0,4.0,1.5120822659533815,15.01882920259586,129.6694226023187,16.598,115.0,45.62273364545041,2898.5836666457835,3707.3723081892877,6.179,114.0
3520.0,4.0,4.0,4.0,1.3953158768296703,14.56795000140147,115.22793664380711,18.051,115.0,28.21925113009769,2168.5768049876015,2634.422440258125,6.9,114.0
3520.0,4.0,4.0,4.0,1.212056033200497,14.648357550831804,100.7156578894743,19.792,115.0,21.741436035146478,1443.807990017175,1872.9641483409314,7.59,114.0
3520.0,4.0,4.0,4.0,1.0202555321815794,13.533100777194187,87.27261772318441,21.53,115.0,14.297909758707306,993.3834403003098,1226.468623579455,8.252,114.0
3520.0,4.0,4.0,4.0,0.8506658724361387,11.743357579716198,75.57151156124318,22.984,115.0,12.633356756508192,692.1975789790947,810.6672725411777,8.917,114.0
3520.0,4.0,4.0,4.0,0.7310283536659767,10.05878216284281,65.52227503139663,24.444,115.0,6.323128685050108,404.7664055502566,572.0390699924311,9.56,114.0
3520.0,4.0,4.0,4.0,0.6448405739035366,8.70777897786509,56.81665446043465,25.989,115.0,4.676009568412894,260.06041233303046,357.2108451037472,10.174,114.0
3520.0,4.0,4.0,4.0,0.5645886176714043,7.599259949522755,49.22311033161562,27.46,115.0,2.973970504461249,205.85921200033036,248.3037678882094,10.788,114.0
3520.0,4.0,4.0,4.0,0.48837337950959636,6.652674729109521,42.57795314564389,29.024,115.0,2.173938837008052,131.84483600167678,219.3372502675598,11.417,114.0
3520.0,4.0,4.0,4.0,0.41837051435180683,5.8414820323559615,36.741590051688256,31.128,115.0,2.4292421386658134,70.91665944985657,196.97822796670087,12.031,114.0
3520.0,4.0,4.0,4.0,0.35613584795260067,5.139968339389069,31.603617667428903,32.535,115.0,2.226408889648326,53.70104740064763,172.4216585376235,12.661,114.0
3520.0,4.0,4.0,4.0,0.302249710322144,4.514066727284725,27.09014601461303,33.927,115.0,1.742454674549606,48.2178656306612,147.38944969362586,13.29,114.0
3520.0,4.0,4.0,4.0,0.25652602389766344,3.9399535983461647,23.150643637976547,35.726,115.0,1.3476659493517786,35.375714351190595,123.35776568367318,13.921,114.0
3520.0,4.0,4.0,4.0,0.21844590480202442,3.411368198831594,19.739817773073014,37.071,115.0,1.1327538817620848,24.54525538651898,102.516217722328,14.551,114.0
3520.0,4.0,4.0,4.0,0.18555213923372094,2.931978883036494,16.80830088718726,38.461,115.0,0.968984328665897,17.920768702806928,85.30238226218013,15.182,114.0
3520.0,4.0,4.0,4.0,0.15828811944606969,2.506255063608826,14.302308271183028,40.138,115.0,0.8160898037923516,14.116713776158822,71.3396592126167,15.813,114.0
3520.0,4.0,4.0,4.0,0.13516145510152455,2.135297386455803,12.167104189901071,41.465,115.0,0.6701562913953012,11.611407014747883,59.95066424631886,16.445,114.0
3520.0,4.0,4.0,4.0,0.11541265539210599,1.8165840897058756,10.350537977327203,42.762,115.0,0.5410401873886599,9.697899663017205,50.365538739544284,17.075,114.0
3520.0,4.0,4.0,4.0,0.0984686226854592,1.5451829007343796,8.80536517242026,44.438,115.0,0.4361663735703587,8.289155188221287,42.10218585724557,17.69,114.0
3520.0,4.0,4.0,4.0,0.0839022905313982,1.315056810947921,7.490329443016445,45.715,115.0,0.3698894011760103,7.115139404361463,34.99928748444189,18.305,114.0
3520.0,4.0,4.0,4.0,0.07138666722943299,1.1200460207647738,6.3703074691525,47.388,115.0,0.31140911729750087,6.003394648690285,29.006932417349287,18.922,114.0
3520.0,4.0,4.0,4.0,0.06065746621800372,0.9544874339845804,5.41583739167697,48.667,115.0,0.25791435189108824,4.9732405468486816,24.043231870146997,19.54,114.0
3520.0,4.0,4.0,4.0,0.05148827283852597,0.8135222649748166,4.602323849986475,49.996,115.0,0.21268238262047134,4.079088491797766,19.970576483210113,20.15,114.0
3520.0,4.0,4.0,4.0,0.04367696665519816,0.6931651368158269,3.9091620217976355,51.339,115.0,0.1756786391163132,3.343431641324258,16.6302179775836,20.76,114.0
3520.0,4.0,4.0,4.0,0.037039941294437995,0.5902201151223736,3.3189433806323407,52.679,115.0,0.14815113384702272,2.7534098527967372,13.878136820393593,21.376,114.0
3520.0,4.0,4.0,4.0,0.03141083835544123,0.5021261214789616,2.816818673315423,54.414,115.0,0.12472367552874175,2.27978014038405,11.599321661134239,21.994,114.0
3520.0,4.0,4.0,4.0,0.026640963964212006,0.4267945635777839,2.390025732385948,55.73,115.0,0.10482793645212496,1.8949602012742297,9.705234520988142,22.608,114.0
3520.0,4.0,4.0,4.0,0.022599814788804906,0.36247512364006873,2.02755220855719,57.479,115.0,0.08796823006952081,1.5793220957178933,8.126566331978877,23.191,114.0
3520.0,4.0,4.0,4.0,0.01917484514069656,0.307661742495958,1.7198919296013888,58.858,115.0,0.07371249280390657,1.3192382187265994,6.807744531592685,23.775,114.0
3520.0,4.0,4.0,4.0,0.016270383256028254,0.2610352627990693,1.4588580922071799,60.533,115.0,0.06202957616733329,1.1041753386415603,5.7038205473771155,24.375,114.0
3520.0,4.0,4.0,4.0,0.013805874701063203,0.22143227332168142,1.23742737877546,61.86,115.0,0.05221108838924238,0.9254723044971475,4.77849996496784,24.958,114.0
3520.0,4.0,4.0,4.0,0.011713802469330403,0.18782897731871834,1.0496002277815568,63.185,115.0,0.043876081038376924,0.7761409687442069,4.002450458596934,25.555,114.0
3520.0,4.0,4.0,4.0,0.009937570939314355,0.15933138608628777,0.8902710049263106,64.527,115.0,0.03682102730539327,0.6507847819462427,3.3517204091626875,26.143,114.0
3520.0,4.0,4.0,4.0,0.008429601257773811,0.13516657888073824,0.7551069688203073,65.915,115.0,0.03086711030908873,0.5453317028332956,2.8064212214106976,26.726,114.0
3520.0,4.0,4.0,4.0,0.00714970301652329,0.11467269328631448,0.6404372474398381,67.588,115.0,0.025861562874638366,0.4566506081197277,2.349789701102292,27.325,114.0
3520.0,4.0,4.0,4.0,0.006063771443166388,0.09728733015249488,0.5431533890004758,68.914,115.0,0.0216693904212093,0.38220587496099745,1.967594920621517,27.909,114.0
3520.0,4.0,4.0,4.0,0.005142761887384495,0.08253501673266922,0.4606224339012902,70.619,115.0,0.018160578896242896,0.319838126531913,1.6477634292904113,28.494,114.0
3520.0,4.0,4.0,4.0,0.004361890109919386,0.07001469326800802,0.3906124959733122,71.931,115.0,0.015226987860216923,0.26766513486206556,1.3801027075782601,29.077,114.0
3520.0,4.0,4.0,4.0,0.003699999965306233,0.05938805150729252,0.3312300073682213,73.351,115.0,0.012774358426213439,0.2240504252125977,1.15605572112475,29.677,114.0
3520.0,4.0,4.0,4.0,0.003139047748845769,0.050369229931451626,0.28086727194721145,75.074,115.0,0.01072262181997985,0.18759152850169422,0.968467271292054,30.26,114.0
3520.0,4.0,4.0,4.0,0.002671914306006329,0.042716139849952865,0.23815868994143938,76.38,115.0,0.009004869868135756,0.15710382445662593,0.8113664876684901,30.844,114.0
3520.0,4.0,4.0,4.0,0.0022794502622218715,0.03622324575855873,0.2019442041786126,77.766,115.0,0.007565229613419433,0.1315964616630959,0.6797732571624616,31.443,114.0
3520.0,4.0,4.0,4.0,0.001946681526305838,0.03071577387993088,0.1712385324515142,79.453,115.0,0.006358091993547532,0.11024480696197807,0.5695320705145954,32.026,114.0
3520.0,4.0,4.0,4.0,0.0016645570465811943,0.02604496905798274,0.14520514166626253,80.823,115.0,0.005345746909426907,0.09236381627213817,0.4771724445785953,32.609,114.0
3520.0,4.0,4.0,4.0,0.0014253776056420975,0.022084217578561466,0.1231340973960933,82.241,115.0,0.004496831209905849,0.07738441915827939,0.3997929555653914,33.193,114.0
3520.0,4.0,4.0,4.0,0.0012226025489781023,0.01872581397229895,0.10442314651432691,83.707,115.0,0.0037851117018021796,0.06483340829817284,0.33496538786980146,33.792,114.0
3520.0,4.0,4.0,4.0,0.0010506825997822489,0.01587822426284818,0.08856153874847152,85.199,115.0,0.0031885674156342247,0.05431646732487784,0.28065585292529455,34.376,114.0
3520.0,4.0,4.0,4.0,0.0009049142535104693,0.013463732210509114,0.07511620676373733,86.982,115.0,0.0026886774496688304,0.045504277892495934,0.23515979684889052,34.96,114.0
3520.0,4.0,4.0,4.0,0.0007813131380203231,0.011416417644390862,0.06371997457052495,88.418,115.0,0.002269851812741308,0.03812110666342449,0.19704841632732306,35.56,114.0
3520.0,4.0,4.0,4.0,0.0006765047338035401,0.009680392910613792,0.05406153581899011,90.27,115.0,0.0019189824880072592,0.031935823931986886,0.16512404832535285,36.144,114.0
3520.0,4.0,4.0,4.0,0.0005876305858123487,0.008208297114452175,0.04587694144169053,91.778,115.0,0.0016250528576051693,0.026754426793723037,0.13838303204465136,36.728,114.0
3520.0,4.0,4.0,4.0,0.0005122686332583726,0.006959993397492634,0.03894238949251647,93.275,115.0,0.0013788179352900443,0.02241408388083671,0.115984520499248,37.327,114.0
3520.0,4.0,4.0,4.0,0.0004483656936713487,0.005901464969343606,0.03306811582437086,95.019,115.0,0.0011725273534466396,0.01877825682430396,0.09722416393322846,37.91,114.0
3520.0,4.0,4.0,4.0,0.000394180755108664,0.005003874361061463,0.02809322241993632,96.448,115.0,0.0009996934111313749,0.015732515311176903,0.08151198080930135,38.493,114.0
3520.0,4.0,4.0,4.0,0.000348237095749937,0.004242768021731795,0.023881300983967572,98.236,115.0,0.0008548831690973202,0.013180964540756216,0.06835381063938677,39.077,114.0
3520.0,4.0,4.0,4.0,0.00030928204154179184,0.0035974067088671183,0.020316728987370674,99.598,115.0,0.0007335498514748906,0.01104334341542627,0.0573356864891624,39.677,114.0
3520.0,4.0,4.0,4.0,0.00027625295848565656,0.0030501990836320774,0.01730153556078998,101.016,115.0,0.0006318866122114741,0.00925244758518738,0.04811080034411641,40.263,114.0
3520.0,4.0,4.0,4.0,0.0002482485298287429,0.0025862242815511667,0.014752745253275117,102.76,115.0,0.0005467035050514824,0.007751990201903053,0.04038862430305386,40.848,114.0
3520.0,4.0,4.0,4.0,0.0002245043683615222,0.002192825341133008,0.012600122723518075,104.114,115.0,0.00047533196686799783,0.006494856971725785,0.03392575746574591,41.551,114.0
3520.0,4.0,4.0,4.0,0.0002043722656708269,0.0018592686442024608,0.01078424637980343,105.548,115.0,0.00041553263037030774,0.005441590341745245,0.02851829671311657,42.148,114.0
3520.0,4.0,4.0,4.0,0.00018730263838051542,0.0015764510468144618,0.009254858369588233,107.251,115.0,0.00036543051430726337,0.004559126863491371,0.023995445250922006,42.748,114.0
3520.0,4.0,4.0,4.0,0.00017282953973563053,0.0013366537917873234,0.007969441394829628,108.635,115.0,0.00032345317623594383,0.003819779543439865,0.020214151484071317,43.334,114.0
3520.0,4.0,4.0,4.0,0.0001605579630563625,0.001133332455073811,0.006891987222872691,110.052,115.0,0.0002882831464035007,0.003200336862533003,0.017054649044282166,43.933,114.0
3520.0,4.0,4.0,4.0,0.00015015300664344977,0.0009609374526603524,0.0059919297104653844,111.784,115.0,0.0002588165570500678,0.002681353519101886,0.01441672599534268,44.548,114.0
3520.0,4.0,4.0,4.0,0.00014133075131894657,0.0008147662629250799,0.005243221787815379,113.108,115.0,0.00023412867545857807,0.0022465300290944352,0.01221658973321526,45.147,114.0
3520.0,4.0,4.0,4.0,0.0001338504433192611,0.0006908277825279662,0.004623560249376314,114.464,115.0,0.0002134439923224818,0.0018822359593550389,0.01038420568416499,45.745,114.0
3520.0,4.0,4.0,4.0,0.00012750800112826255,0.0005857420805722995,0.004113745403502519,116.169,115.0,0.00019611364615457205,0.0015769968875451543,0.008861098485340634,46.328,114.0
3520.0,4.0,4.0,4.0,0.00012213032329100315,0.000496641130487851,0.0036971883786054917,117.485,115.0,0.00018159368852366242,0.001321261588170347,0.0075983793657296425,46.927,114.0
3520.0,4.0,4.0,4.0,0.00011757070592466334,0.00042109352782563296,0.003359541156325143,118.858,115.0,0.00016942777500617012,0.0011070098240829151,0.006555083889289568,47.542,114.0
3520.0,4.0,4.0,4.0,0.00011370466194193796,0.0003570374977347711,0.003088415451238104,120.565,115.0,0.0001592348201029381,0.0009275045263471491,0.005696798718319136,48.141,114.0
3520.0,4.0,4.0,4.0,0.00011042675339467678,0.0003027259475198983,0.0028731379978763094,121.861,115.0,0.000150694971921439,0.0007771036390515015,0.004994398667455502,48.74,114.0
3520.0,4.0,4.0,4.0,0.00010987491872432864,0.00025667580147564084,0.0027045042087355496,123.521,115.0,0.00014354051256759703,0.0006510850613361863,0.004423011952359821,49.366,114.0
3520.0,4.0,4.0,4.0,0.00010991790981346172,0.00021763078495639517,0.0025745161688722584,124.806,115.0,0.0001375448815110758,0.0005455081343276694,0.003961187377350732,49.977,114.0
3520.0,4.0,4.0,4.0,0.00010995436114730195,0.00018452550403838335,0.002476142670392176,126.135,115.0,0.00013252223277504527,0.0004570537098593542,0.0035902755854712505,50.593,114.0
3520.0,4.0,4.0,4.0,0.00010998526756300642,0.00015645570263723326,0.0024031564900155815,127.839,115.0,0.0001283135549670078,0.0003829280578866097,0.0032942055087722593,51.209,114.0
3520.0,4.0,4.0,4.0,0.00011001147253969501,0.00013265604404955156,0.0023500804647807287,129.169,115.0,0.00012478755155598265,0.00032082501777313014,0.0030591409196870875,51.841,114.0
3520.0,4.0,4.0,4.0,0.00011003369127121632,0.00011247690014654182,0.0023122164574999778,130.824,115.0,0.00012183460648884648,0.00026881243774609914,0.002873401353536715,52.472,114.0
3520.0,4.0,4.0,4.0,0.00011005253013601779,9.53672595051525e-5,0.0022856818957622182,132.118,115.0,0.00011935838733734272,0.0002252224890017769,0.002727269389563897,53.104,114.0
3520.0,4.0,4.0,4.0,0.00011006850325373518,8.086037480826297e-5,0.0022673963660219203,133.806,115.0,0.00011728463135796119,0.00018869268565067308,0.002612674763547624,53.736,114.0
3520.0,4.0,4.0,4.0,0.00011008204657209086,6.855948882557442e-5,0.0022550055606989573,135.119,115.0,0.00011554718946626963,0.00015809809722678995,0.0025230500363048873,54.353,114.0
3520.0,4.0,4.0,4.0,0.00011009352972057851,5.8130443254385474e-5,0.0022467632551620874,136.465,115.0,0.00011409145184870795,0.00013246326606887088,0.00245310819560041,54.983,114.0
3520.0,4.0,4.0,4.0,0.00011010326609633969,4.928768109791319e-5,0.002241403727851066,137.807,115.0,0.00011287169189699853,0.00011098432794471844,0.0023986157984611646,55.616,114.0
3520.0,4.0,4.0,4.0,0.00011011152139739355,4.17900116180067e-5,0.0022380245850247213,139.483,115.0,0.00011185025988424968,9.299599173112417e-5,0.0023563013782868375,56.247,114.0
3520.0,4.0,4.0,4.0,0.00011011852090242469,3.5433346957091324e-5,0.002235990128718644,141.128,115.0,0.00011099401012870658,7.791352286014496e-5,0.0023237129204551113,56.895,114.0
3520.0,4.0,4.0,4.0,0.00011012445564934081,3.0043134764377704e-5,0.0022348564747251445,142.474,115.0,0.00011027616278624919,6.526256826655652e-5,0.0022993468870199556,57.543,114.0
3520.0,4.0,4.0,4.0,0.00011012948760580343,2.5473273267997167e-5,0.0022343163190524234,143.835,115.0,0.00011021740956201898,5.468384756999241e-5,0.0022823516740718202,58.161,114.0
3520.0,4.0,4.0,4.0,0.0001101337541093983,2.1598041630253114e-5,0.002234158198958327,145.243,115.0,0.00011020762685653995,4.581592675204707e-5,0.0022711442431133403,58.791,114.0
3520.0,4.0,4.0,4.0,0.00011013737159043524,1.8312450911348485e-5,0.0022342378345149914,146.929,115.0,0.0001101994373127746,3.838868080931028e-5,0.002263491046095151,59.438,114.0
3520.0,4.0,4.0,4.0,0.00011014043881013569,1.5527167074706252e-5,0.0022344580370424155,148.632,115.0,0.00011019257152999895,3.2168274074639714e-5,0.002257981844192117,60.07,114.0
3520.0,4.0,4.0,4.0,0.0001101430394290226,1.3165204895663016e-5,0.0022347537273503604,149.954,115.0,0.00011018681805913255,2.695035505307869e-5,0.0022538978311708656,60.703,114.0
3520.0,4.0,4.0,4.0,0.00011014524445535079,1.1162317991968096e-5,0.0022350823721723812,151.64,115.0,0.00011018199129209094,2.257471478548207e-5,0.002250822096321474,61.348,114.0
3520.0,4.0,4.0,4.0,0.00011014711405354927,9.464327738910493e-6,0.0022354168138039123,152.946,115.0,0.0001101779510017109,1.891968390101788e-5,0.002248458878573808,61.996,114.0
3520.0,4.0,4.0,4.0,0.00011014869925707327,8.024299761571429e-6,0.0022357403358222072,154.615,115.0,0.00011017457059903091,1.5850380135403423e-5,0.002246633042981608,62.643,114.0
3520.0,4.0,4.0,4.0,0.00011015004333303491,6.804051631241822e-6,0.0022360433823661484,155.937,115.0,0.00011017173244126655,1.3286036209882379e-5,0.0022452153547992564,63.288,114.0
3520.0,4.0,4.0,4.0,0.0001101511829257329,5.7688892283877906e-6,0.0022363207835075106,157.616,115.0,0.00011016935926078109,1.1126700055109312e-5,0.002244100856072368,63.935,114.0
3520.0,4.0,4.0,4.0,0.00011015214918103089,4.891641875583433e-6,0.0022365708713342194,158.959,115.0,0.00011016735217944662,9.328379394899496e-6,0.0022432071707052005,64.581,114.0
3520.0,4.0,4.0,4.0,0.00011015296843575051,4.14725616856483e-6,0.002236793356472274,160.815,115.0,0.00011016568008848093,7.816790911950595e-6,0.00224250679635146,65.242,114.0
3520.0,4.0,4.0,4.0,0.00011015366307448593,3.516383461138306e-6,0.0022369896308366594,162.247,115.0,0.00011016430035054592,6.5403858316012765e-6,0.0022419574124463706,65.889,114.0
3520.0,4.0,4.0,4.0,0.00011015425205007645,2.9814326841642735e-6,0.00223716143168636,164.073,115.0,0.00011016312912148774,5.485677733326891e-6,0.002241503596659297,66.535,114.0
3520.0,4.0,4.0,4.0,0.00011015475142667208,2.5280219260962707e-6,0.0022373111310129167,165.427,115.0,0.00011016214439024674,4.584018372217505e-6,0.0022411372316894066,67.199,114.0
3520.0,4.0,4.0,4.0,0.00011015517484808113,2.143383692326052e-6,0.002237440764455658,167.367,115.0,0.00011016132721020089,3.842839882732224e-6,0.0022408377825039625,67.864,114.0
3520.0,4.0,4.0,4.0,0.00011015553385329557,1.8172719470929826e-6,0.00223755279383935,168.755,115.0,0.00011016064065938469,3.2255924044424172e-6,0.00224059628528943,68.508,114.0
3520.0,4.0,4.0,4.0,0.00011015583825413344,1.5408929232495107e-6,0.0022376492078222923,170.533,115.0,0.00011016006499842135,2.7084987955261014e-6,0.0022403943200180105,69.171,114.0
3520.0,4.0,4.0,4.0,0.00011015609635645074,1.306652778441702e-6,0.0022377320233307276,171.946,115.0,0.00011015958122223557,2.2691821730767656e-6,0.002240231712017011,69.815,114.0
3520.0,4.0,4.0,4.0,0.00011015631516908542,1.1077311124601252e-6,0.0022378029465355462,173.77,115.0,0.00011015917626955307,1.8982031034329726e-6,0.0022400951725993637,70.476,114.0
3520.0,4.0,4.0,4.0,0.00011015650070939076,9.391725768714576e-7,0.002237863675328966,175.182,115.0,0.00011015883693482609,1.586891019067926e-6,0.0022399788890266926,71.123,114.0
3520.0,4.0,4.0,4.0,0,0,0,0,0,0.00011015855319301826,1.3289926454484783e-6,0.002239895238162167,71.77,114.0
3520.0,4.0,4.0,4.0,0,0,0,0,0,0.00011015831214372662,1.1134072967440102e-6,0.002239813262673315,72.419,114.0
3520.0,4.0,4.0,4.0,0,0,0,0,0,0.00011015811390002739,9.263801645813569e-7,0.0022397473248703926,73.083,114.0
2400.0,2.0,4.0,6.0,2.0332397088945413,34.28259206900292,181.12171848302452,5.871,115.0,166.13966510292653,15111.463008617098,16847.191832473767,2.628,114.0
2400.0,2.0,4.0,6.0,2.1340758966631483,16.221262835057345,172.35652916170957,6.677,115.0,125.62418838061672,13917.595199200838,10986.139386754421,3.11,114.0
2400.0,2.0,4.0,6.0,1.9590859343056195,13.010296788486606,159.84147885673272,7.404,115.0,72.4088954137873,8496.963948216011,7013.070796234747,3.575,114.0
2400.0,2.0,4.0,6.0,1.697485617347013,16.09529476742945,144.37782780426176,8.24,115.0,55.65325595678695,4237.567778529378,5003.164724547251,4.028,114.0
2400.0,2.0,4.0,6.0,1.5057670431165207,15.020371988510217,129.6745782239529,9.079,115.0,45.60660366269741,2899.022551215281,3707.0717442319146,4.469,114.0
2400.0,2.0,4.0,6.0,1.3891116173789442,14.569206095719439,115.232014287485,9.84,115.0,28.2110776735567,2169.040160189575,2634.2452229686423,4.881,114.0
2400.0,2.0,4.0,6.0,1.2060439582972435,14.648942208034233,100.71941061212551,10.58,115.0,21.7347786178222,1443.9627228972465,1873.1923385781743,5.292,114.0
2400.0,2.0,4.0,6.0,1.0143265491490183,13.533379451111747,87.27629359330368,11.37,115.0,14.286550506970343,993.6354751896571,1226.5189342793578,5.68,114.0
2400.0,2.0,4.0,6.0,0.8447592459065163,11.743548360722674,75.57511495867875,12.112,115.0,12.601506521621218,692.4053857385843,810.8039857150083,6.059,114.0
2400.0,2.0,4.0,6.0,0.7317308353192402,10.058889512225642,65.52580483828508,12.869,115.0,6.295009502900143,404.8315897650805,572.1419479527526,6.43,114.0
2400.0,2.0,4.0,6.0,0.643120221835261,8.707794908469783,56.820131633489936,13.626,115.0,4.682887437617808,260.1946711861153,357.1728129149933,6.794,114.0
2400.0,2.0,4.0,6.0,0.5628600876553946,7.599229491443824,49.22653867033058,14.368,115.0,2.9681226706823054,205.99474255680838,248.34624457851953,7.153,114.0
2400.0,2.0,4.0,6.0,0.48681997578916025,6.652633762090905,42.58133946736171,15.096,115.0,2.1740435249406573,131.8861595119942,219.42596985623004,7.511,114.0
2400.0,2.0,4.0,6.0,0.41706036895362786,5.841434180448053,36.74497251065664,15.868,115.0,2.4325677620699935,70.92788945197181,197.06403190994635,7.874,114.0
2400.0,2.0,4.0,6.0,0.35504766075615635,5.139904468435146,31.607061317846416,16.61,115.0,2.2286008311549494,53.75896477960879,172.48531231009932,8.233,114.0
2400.0,2.0,4.0,6.0,0.30132724854945536,4.5139829767566795,27.09372029368698,17.351,115.0,1.7436628242358552,48.25166171110355,147.42858067370653,8.633,114.0
2400.0,2.0,4.0,6.0,0.2556361121017403,3.9398549999461254,23.15440417592206,18.125,115.0,1.347613660567447,35.38859421946161,123.38029139869755,8.98,114.0
2400.0,2.0,4.0,6.0,0.21717255755390852,3.411263676084779,19.743800144967206,18.862,115.0,1.1317559185436608,24.551552969950038,102.53120491131526,9.381,114.0
2400.0,2.0,4.0,6.0,0.18488385842778143,2.9318766979172226,16.812522805574883,19.621,115.0,0.9679946115427924,17.923886456258494,85.31437421304281,9.736,114.0
2400.0,2.0,4.0,6.0,0.15769934660994522,2.506160999853527,14.306775617238241,20.349,115.0,0.8151776715560004,14.119243887509718,71.35013230674744,10.141,114.0
2400.0,2.0,4.0,6.0,0.13467524254201635,2.1352148050670072,12.17181785382212,21.092,115.0,0.6693468896476702,11.613612602201748,59.95939264321418,10.509,114.0
2400.0,2.0,4.0,6.0,0.11505142238587496,1.8165142191474073,10.355500376328196,21.867,115.0,0.5403852573204517,9.699930929257201,50.37180211208828,10.925,114.0
2400.0,2.0,4.0,6.0,0.09824630753030306,1.545125417505114,8.810585452009507,22.612,115.0,0.43570411510040685,8.291415795973656,42.105875324207375,11.295,114.0
2400.0,2.0,4.0,6.0,0.08382197925431001,1.3150103429583426,7.495827062668483,23.341,115.0,0.3730498085286058,7.11710662602243,35.00093642806545,11.712,114.0
2400.0,2.0,4.0,6.0,0.07146459037090835,1.1200087641924126,6.3761140551544235,24.116,115.0,0.3164081363461264,6.004765022194042,29.00723029960961,12.074,114.0
2400.0,2.0,4.0,6.0,0.060922903225275604,0.9544575318076844,5.421997401831437,24.844,115.0,0.2644714538483868,4.974113514950691,24.04269035215684,12.499,114.0
2400.0,2.0,4.0,6.0,0.05192785635483688,0.8134980803691497,4.60889460207242,25.587,115.0,0.21922678635212378,4.079674417893206,19.969476557814843,12.876,114.0
2400.0,2.0,4.0,6.0,0.04427752229815951,0.6931453626473733,3.916213667393732,26.37,115.0,0.1820244267857447,3.3438877841676784,16.62871118083964,13.317,114.0
2400.0,2.0,4.0,6.0,0.03778670761448666,0.5902037847827611,3.3265592073255954,27.121,115.0,0.15239678570492288,2.753801272643951,13.876347806772626,13.743,114.0
2400.0,2.0,4.0,6.0,0.03228760210214432,0.5021125564975172,2.825095927763605,27.847,115.0,0.12880552308200777,2.280112047036755,11.59738235085061,14.153,114.0
2400.0,2.0,4.0,6.0,0.02763088595008867,0.4267832923528355,2.3990769993687646,28.621,115.0,0.10961794269871916,1.8952267940568797,9.703270556485505,14.546,114.0
2400.0,2.0,4.0,6.0,0.02368658690789971,0.3624658087445062,2.037507273454147,29.364,115.0,0.09362231470231563,1.579528845201732,8.124680491543826,14.94,114.0
2400.0,2.0,4.0,6.0,0.02051721255850225,0.3076541194268105,1.730900028851597,30.108,115.0,0.08007468353855529,1.3193988990411671,6.8060169952178455,15.349,114.0
2400.0,2.0,4.0,6.0,0.017997370835018955,0.2610291027730499,1.4710904554715927,30.884,115.0,0.06853714391110088,1.1043030644590912,5.702322195786848,15.759,114.0
2400.0,2.0,4.0,6.0,0.015865894027797367,0.22142736008146874,1.251079988271973,31.628,115.0,0.0587173136640331,0.9255758130692912,4.777306790650825,16.152,114.0
2400.0,2.0,4.0,6.0,0.01406295706885885,0.18782511479801517,1.0648966740128474,32.388,115.0,0.0503814494497874,0.7762252263551961,4.0016524291054,16.561,114.0
2400.0,2.0,4.0,6.0,0.012537361983845585,0.15932838424851714,0.9074652586699469,33.133,115.0,0.043325817864058536,0.6508528932551775,3.351424779527947,16.987,114.0
2400.0,2.0,4.0,6.0,0.011245536651586008,0.1351642746232541,0.7744856142271377,33.878,115.0,0.037371493632520014,0.5453863809475181,2.806753233352205,17.364,114.0
2400.0,2.0,4.0,6.0,0.010150733643797594,0.11467093763643678,0.6623204782763182,34.657,115.0,0.0323620762813448,0.4566945294857544,2.3508934230730834,17.789,114.0
2400.0,2.0,4.0,6.0,0.009222696274491682,0.09728600378500041,0.5678936648531469,35.391,115.0,0.028159868370210006,0.3822414708209083,1.9696351286259497,18.167,114.0
2400.0,2.0,4.0,6.0,0.008435299417953956,0.08253402520925639,0.48859948672248665,36.13,115.0,0.02464252611343909,0.3198673673107084,1.6509281820792578,18.592,114.0
2400.0,2.0,4.0,6.0,0.007767521691221191,0.07001396102411743,0.42222337583101394,36.905,115.0,0.02170166367204729,0.2676894201974666,1.3846061410816306,18.969,114.0
2400.0,2.0,4.0,6.0,0.007200815417832018,0.05938751406894561,0.36687337460631614,37.65,115.0,0.01924284532077536,0.22407075969149937,1.1621406966168315,19.396,114.0
2400.0,2.0,4.0,6.0,0.006720117005443171,0.050368852024474026,0.3209223009982723,38.384,115.0,0.017185623820807905,0.1876086545373857,0.9764080252619433,19.787,114.0
2400.0,2.0,4.0,6.0,0.006312615549347811,0.0427158796321333,0.2829607779371504,39.16,115.0,0.015462798292617208,0.15711819118864254,0.8214714466152663,20.212,114.0
2400.0,2.0,4.0,6.0,0.005967026297582834,0.03622307838083577,0.2517612764597505,39.92,115.0,0.014018867025242798,0.13160857193772466,0.6923872058841466,20.621,114.0
2400.0,2.0,4.0,6.0,0.005673997523615526,0.03071567869618848,0.2262525606115714,40.677,115.0,0.012808107606986141,0.11025504532392263,0.5850370777540175,21.046,114.0
2400.0,2.0,4.0,6.0,0.005425564009385653,0.026044928400717583,0.20550243380388036,41.5,115.0,0.011792711645966847,0.09237245866764329,0.4959856447878043,21.454,114.0
2400.0,2.0,4.0,6.0,0.005214948185823687,0.022084218473863635,0.18870544028937322,42.275,115.0,0.010941230048842954,0.07739172914087565,0.4223591890353841,21.88,114.0
2400.0,2.0,4.0,6.0,0.0054069598514843165,0.018725845153769703,0.175172152079182,43.065,115.0,0.01022735684057352,0.06483958221597587,0.36174337936834694,22.273,114.0
2400.0,2.0,4.0,6.0,0.005578907963467827,0.015878275938668515,0.16431792308639476,43.823,115.0,0.009629005892747955,0.05432168444320464,0.3120975006535761,22.697,114.0
2400.0,2.0,4.0,6.0,0.005724700463758836,0.013463798782148708,0.15565073240645455,44.597,115.0,0.009127599702708267,0.04550868582095871,0.2716836748794902,23.14,114.0
2400.0,2.0,4.0,6.0,0.0058483222661607215,0.011416491775361961,0.14875890848331247,45.439,115.0,0.00870750423428035,0.03812485353436631,0.23901008834458465,23.531,114.0
2400.0,2.0,4.0,6.0,0.005953148402682018,0.009680471404914046,0.14329975793286748,46.214,115.0,0.008355569164564258,0.031939016026612116,0.2127890902168545,23.972,114.0
2400.0,2.0,4.0,6.0,0.00604203771530365,0.008208376142250236,0.13898967731981904,47.002,115.0,0.008060745079092158,0.02675712217634097,0.19191096123011211,24.365,114.0
2400.0,2.0,4.0,6.0,0.006117412662376864,0.006960071313503446,0.13559572822395108,47.826,115.0,0.007813758988731934,0.022416375704540494,0.17542652389986715,24.822,114.0
2400.0,2.0,4.0,6.0,0.0061813266991066484,0.005901540488189661,0.1329283156862574,48.609,115.0,0.00760683938318607,0.018780209667093692,0.16252980374332945,25.215,114.0
2400.0,2.0,4.0,6.0,0.0062355211342719485,0.005003946019965271,0.1308346032323975,49.416,115.0,0.007433477245228914,0.015734167844251974,0.1525388147450097,25.656,114.0
2400.0,2.0,4.0,6.0,0.006281472913371999,0.004242835338086666,0.12919247403534498,50.252,115.0,0.007288223908005875,0.01318237051524274,0.14487722913307247,26.051,114.0
2400.0,2.0,4.0,6.0,0.006320434914243833,0.0035974697305116267,0.12790504120348373,51.05,115.0,0.007166518750125306,0.011044537515820024,0.1390597038592628,26.489,114.0
2400.0,2.0,4.0,6.0,0.006353469939085699,0.0030502574318874813,0.1268958000501146,51.85,115.0,0.00706454341383278,0.009253453781756129,0.1346815550432366,26.898,114.0
2400.0,2.0,4.0,6.0,0.006381479439880877,0.0025862777252532686,0.12610450468287301,52.688,115.0,0.0069791002035799465,0.007752847581567319,0.1314112466010681,27.322,114.0
2400.0,2.0,4.0,6.0,0.00640522794918752,0.002192874127842323,0.12548378476367966,53.5,115.0,0.0069075097856057255,0.006495589496340822,0.1289833160031263,27.732,114.0
2400.0,2.0,4.0,6.0,0.006425363770347303,0.001859313464589955,0.12499643871402243,54.303,115.0,0.006847527288016408,0.005442213217057376,0.12719022324012225,28.156,114.0
2400.0,2.0,4.0,6.0,0.0064424365814943485,0.0015764906770948952,0.12461329514546711,55.156,115.0,0.006797271275218009,0.004559664128676617,0.1258731031270823,28.597,114.0
2400.0,2.0,4.0,6.0,0.0064569123845785725,0.0013366885356521543,0.12431152244376323,55.959,115.0,0.006755164858418539,0.0038202311676903975,0.12491228622724547,29.006,114.0
2400.0,2.0,4.0,6.0,0.006469186297863416,0.001133366074545041,0.12407328791600214,56.809,115.0,0.006719886738039804,0.0032007195436008565,0.12421849194146745,29.431,114.0
2400.0,2.0,4.0,6.0,0.006479593234871572,0.0009609670711781297,0.12388469084325689,57.612,115.0,0.006690329475020462,0.002681674792700001,0.1237253229272187,29.824,114.0
2400.0,2.0,4.0,6.0,0.006488417203911467,0.0008147919012061572,0.1237349103848963,58.416,115.0,0.006665565399941897,0.0022468012244553086,0.12338312502189663,30.265,114.0
2400.0,2.0,4.0,6.0,0.006495898957098234,0.0006908507426843062,0.12361553274566701,59.267,115.0,0.006644817119138224,0.0018824576229065702,0.12315414743599949,30.658,114.0
2400.0,2.0,4.0,6.0,0.006502242648195988,0.000585762489692001,0.12352001817873792,60.071,115.0,0.006627433309574826,0.0015771982440233277,0.12300898298531136,31.099,114.0
2400.0,2.0,4.0,6.0,0.006507621378091244,0.0004966596387454982,0.12344328341940121,60.86,115.0,0.006612868353272461,0.0013214360668347873,0.12292427555821606,31.508,114.0
2400.0,2.0,4.0,6.0,0.006512181915354631,0.00042110979062586526,0.1233813754189098,61.728,115.0,0.0066006652386363385,0.001107157523785884,0.12288154046843172,31.933,114.0
2400.0,2.0,4.0,6.0,0.00651604873053202,0.00035705146985522026,0.12333121566226327,62.531,115.0,0.0065904408990036245,0.0009276212098930452,0.12286660522124904,32.342,114.0
2400.0,2.0,4.0,6.0,0.006519327305340994,0.00030273836159492093,0.12329040227235216,63.354,115.0,0.006581874457253889,0.000777198944935198,0.12286908097719185,32.767,114.0
2400.0,2.0,4.0,6.0,0.006522107167938884,0.0002566867456705055,0.12325705692143063,64.249,115.0,0.006574697164239751,0.0006511713554419799,0.12288171199234095,33.193,114.0
2400.0,2.0,4.0,6.0,0.006524464155290843,0.0002176404214388613,0.1232297056314097,65.435,115.0,0.006568683676277942,0.0005455779409856922,0.1228996438210673,33.602,114.0
2400.0,2.0,4.0,6.0,0.006526462600220384,0.00018453422708353745,0.12320718754306871,66.517,115.0,0.006563645320056821,0.0004571080080119408,0.12291975260940903,34.027,114.0
2400.0,2.0,4.0,6.0,0.006528157058141915,0.00015646347938149278,0.12318858476262695,67.276,115.0,0.006559423942860576,0.00038298361503738245,0.12294011245397345,34.421,114.0
2400.0,2.0,4.0,6.0,0.006529593759580621,0.0001326626584316796,0.1231731678477281,68.031,115.0,0.006555887143576911,0.00032088060961230156,0.12295959496752978,34.846,114.0
2400.0,2.0,4.0,6.0,0.0065308119181963775,0.00011248120106184779,0.12316035453626767,68.861,115.0,0.006552923875005945,0.0002688453755980485,0.12297759416691109,35.24,114.0
2400.0,2.0,4.0,6.0,0.006531844772666773,9.537349966641279e-5,0.12314967735904649,69.664,115.0,0.006550441073500224,0.00022525196642191782,0.12299383326013824,35.665,114.0
2400.0,2.0,4.0,6.0,0.006532720510165291,8.086413516868545e-5,0.12314075995716309,70.451,115.0,0.006548360868976033,0.00018872436779627128,0.12300824458949515,36.075,114.0
2400.0,2.0,4.0,6.0,0.006533463033917997,6.856355622502015e-5,0.12313329703685455,71.255,115.0,0.0065466180432167675,0.00015812361924658018,0.12302087723207095,36.484,114.0
2400.0,2.0,4.0,6.0,0.006534092615311238,5.813387893423237e-5,0.12312704006331146,72.074,115.0,0.006545157825996739,0.00013248247285317457,0.1230318497902985,36.926,114.0
2400.0,2.0,4.0,6.0,0.006534626413724709,4.929042668683084e-5,0.12312178601875932,72.83,115.0,0.006543934362241544,0.00011099884263729582,0.12304131355532336,37.319,114.0
2400.0,2.0,4.0,6.0,0.006535079019386103,4.17926351575292e-5,0.12311736805110676,73.586,115.0,0.006542909287986731,9.29989362965465e-5,0.12304943099846245,37.745,114.0
2400.0,2.0,4.0,6.0,0.006535462767885747,3.5435254960498306e-5,0.1231136486134232,74.389,115.0,0.006542050458619997,7.791934687129274e-5,0.12305636440790389,38.138,114.0
2400.0,2.0,4.0,6.0,0.006535788155758837,3.0045345899538343e-5,0.12311051414031812,75.176,115.0,0.006541330863456096,6.528343112632377e-5,0.12306226531622087,38.579,114.0
2400.0,2.0,4.0,6.0,0.00653606404216589,2.547434588443242e-5,0.12310787025342691,75.916,115.0,0.006540727979540861,5.46979840360404e-5,0.12306727324570634,38.973,114.0
2400.0,2.0,4.0,6.0,0.006536297952152381,2.1599427993113854e-5,0.12310563858326913,76.655,115.0,0.006540222857665867,4.5827955465066895e-5,0.12307151476367358,39.414,114.0
2400.0,2.0,4.0,6.0,0.006536496289641036,1.8314152143671025e-5,0.12310375351327593,77.459,115.0,0.006539799638801469,3.839682526722998e-5,0.12307509967110555,39.816,114.0
2400.0,2.0,4.0,6.0,0.006536664459815711,1.55279554085161e-5,0.12310216033770681,78.229,115.0,0.006539445038356462,3.2170951763107256e-5,0.12307812530850944,40.242,114.0
2400.0,2.0,4.0,6.0,0.006536807041811699,1.3166319710300838e-5,0.12310081301871502,78.984,115.0,0.00653914794264665,2.6953545985795987e-5,0.12308067590438945,40.674,114.0
2400.0,2.0,4.0,6.0,0.006536927934291725,1.1163331720139179e-5,0.1230996734408587,79.743,115.0,0.006538899017641597,2.2583430751553076e-5,0.12308282352826673,41.082,114.0
2400.0,2.0,4.0,6.0,0.006537030443439562,9.465186403642726e-6,0.12309870918920958,80.466,115.0,0.006538690434808814,1.8920584515365524e-5,0.123084630322208,41.515,114.0
2400.0,2.0,4.0,6.0,0.006537117360892353,8.025403764085245e-6,0.12309789299841095,81.221,115.0,0.006538515744637152,1.5853054847776757e-5,0.12308615001016845,41.916,114.0
2400.0,2.0,4.0,6.0,0.006537191051506852,6.804159001486515e-6,0.12309720192324658,81.961,115.0,0.006538369366353436,1.3282152275083624e-5,0.12308742665226512,42.345,114.0
2400.0,2.0,4.0,6.0,0.0065372535260053155,5.769261517951796e-6,0.12309661667285142,82.717,115.0,0.006538246709908435,1.1128477835538242e-5,0.12308849916185997,42.739,114.0
2400.0,2.0,4.0,6.0,0.006537306493839878,4.891599330948654e-6,0.12309612092653191,83.504,115.0,0.006538143916429817,9.323833818115213e-6,0.12308939905122546,43.163,114.0
2400.0,2.0,4.0,6.0,0.006537351419979132,4.147533114420603e-6,0.1230957010498607,84.26,115.0,0.00653805779643335,7.811345879690049e-6,0.1230901545981727,43.563,114.0
2400.0,2.0,4.0,6.0,0.006537389503648683,3.516600486139653e-6,0.1230953453358216,84.985,115.0,0.006537985679415215,6.545178145348688e-6,0.12309078873041411,44.018,114.0
2400.0,2.0,4.0,6.0,0.006537421803329835,2.980715338872151e-6,0.12309504399946737,85.738,115.0,0.006537925239740616,5.483655848450602e-6,0.12309132047461209,44.459,114.0
2400.0,2.0,4.0,6.0,0.0065374491817351554,2.5296745279329116e-6,0.12309478837446744,86.502,115.0,0.0065378746183455405,4.594578442391736e-6,0.12309176643552952,44.852,114.0
2400.0,2.0,4.0,6.0,0.0065374723861850725,2.1433417181562956e-6,0.12309457184710872,87.232,115.0,0.006537832179049019,3.849646590640611e-6,0.12309214037410092,45.277,114.0
2400.0,2.0,4.0,6.0,0.006537492077939078,1.817887931309237e-6,0.12309438830775983,87.985,115.0,0.006537796605584845,3.2240166180520175e-6,0.12309245428581564,45.671,114.0
2400.0,2.0,4.0,6.0,0.006537508767621603,1.541079243577232e-6,0.12309423283694562,88.768,115.0,0.006537766814403767,2.7035108858818215e-6,0.12309271599728082,46.08,114.0
2400.0,2.0,4.0,6.0,0.006537522912253735,1.3064103561129622e-6,0.12309410094089752,89.532,115.0,0.006537741823592569,2.2631326324078283e-6,0.12309293719762854,46.473,114.0
2400.0,2.0,4.0,6.0,0.006537534912069987,1.1082147875981679e-6,0.12309398912328627,90.28,115.0,0.006537720972517036,1.8967452175895874e-6,0.12309312211364139,46.883,114.0
2400.0,2.0,4.0,6.0,0.00653754508766724,9.390649228961252e-7,0.12309389442558263,91.064,115.0,0.006537703518858962,1.5898376707346165e-6,0.12309327684592339,47.292,114.0
2400.0,2.0,4.0,6.0,0,0,0,0,0,0.006537688801302011,1.3301057124052097e-6,0.12309340674633085,47.67,114.0
2400.0,2.0,4.0,6.0,0,0,0,0,0,0.00653767651868975,1.1142777688120256e-6,0.12309351448961925,48.064,114.0
2400.0,2.0,4.0,6.0,0,0,0,0,0,0.006537666148176413,9.389164289479369e-7,0.12309360501729968,48.441,114.0
4800.0,4.0,4.0,6.0,2.0340194305940145,34.28118835295702,181.10593648328418,15.87,115.0,166.15744792306916,15113.248052889965,16848.022698620447,4.7,114.0
4800.0,4.0,4.0,6.0,2.13317666178051,16.226916591011733,172.3415859346927,18.074,115.0,125.61436255889178,13918.368471772152,10987.278372494136,5.863,114.0
4800.0,4.0,4.0,6.0,1.9604559094569254,13.00720874941184,159.83065109839944,20.653,115.0,72.48922270528449,8497.560590362915,7013.955325971672,6.98,114.0
4800.0,4.0,4.0,6.0,1.698912056425229,16.092692049317492,144.3703509940712,22.821,115.0,55.670876144479394,4238.067585921157,5003.059137982238,8.1,114.0
4800.0,4.0,4.0,6.0,1.512081733490561,15.018828503595184,129.66936476161607,25.052,115.0,45.62277789562597,2898.5850635113516,3707.373712416529,9.153,114.0
4800.0,4.0,4.0,6.0,1.3953153108885203,14.567943475290793,115.22788520164683,27.306,115.0,28.219270139646937,2168.5777100409887,2634.423323808307,10.16,114.0
4800.0,4.0,4.0,6.0,1.2120554686698028,14.648351726663114,100.71561214852275,29.652,115.0,21.74145577186283,1443.808523234701,1872.9643319076722,11.184,114.0
4800.0,4.0,4.0,6.0,1.0202548804679168,13.533094324870804,87.27257817659064,32.599,115.0,14.297928198902753,993.3836793576895,1226.4687242892132,12.111,114.0
4800.0,4.0,4.0,6.0,0.8506652965978105,11.743350618377526,75.5714787352078,34.821,115.0,12.633369699385412,692.1977075493286,810.6671203010379,13.013,114.0
4800.0,4.0,4.0,6.0,0.73102888410574,10.058775633829445,65.52224861749714,37.388,115.0,6.323136209746224,404.76649101753344,572.0389337788297,13.889,114.0
4800.0,4.0,4.0,6.0,0.644841424420747,8.707773432963513,56.8166336183349,39.626,115.0,4.676002597201432,260.06043002822946,357.21076652236246,14.756,114.0
4800.0,4.0,4.0,6.0,0.5645899697635741,7.59925518720801,49.223094372267646,42.179,115.0,2.9739730164652656,205.85921902381818,248.30357954653942,15.592,114.0
4800.0,4.0,4.0,6.0,0.488375260012333,6.652670391664051,42.57794167412623,44.324,115.0,2.173933428334692,131.84483684188567,219.33714525457435,16.443,114.0
4800.0,4.0,4.0,6.0,0.41837279174274045,5.841478072928635,36.74158266194036,46.687,115.0,2.429240262116707,70.91667068027964,196.97811727364643,17.311,114.0
4800.0,4.0,4.0,6.0,0.3561384037291191,5.13996477107259,31.603613916308493,49.053,115.0,2.2264067419531557,53.701057462679415,172.42152694607765,18.178,114.0
4800.0,4.0,4.0,6.0,0.3022524232849264,4.514063574208104,27.09014543548415,51.535,115.0,1.742452758528259,48.21786767567193,147.38932619930253,19.066,114.0
4800.0,4.0,4.0,6.0,0.2565258080338708,3.9399508165759665,23.150645821440172,54.412,115.0,1.3476597362223401,35.37570647171062,123.35765493962153,19.955,114.0
4800.0,4.0,4.0,6.0,0.21844571054759854,3.4113657562980326,19.739822359120943,56.725,115.0,1.132748634049392,24.545242926789737,102.51611813506696,20.91,114.0
4800.0,4.0,4.0,6.0,0.18555494410799156,2.9319767276132036,16.808307585218124,59.436,115.0,0.9689796777362858,17.92075777841028,85.30229238345088,21.801,114.0
4800.0,4.0,4.0,6.0,0.15829090290316117,2.506253186899785,14.302316811695514,61.833,115.0,0.8160852801921692,14.116705110745777,71.33957808116504,22.695,114.0
4800.0,4.0,4.0,6.0,0.13516423063219918,2.1352957623573063,12.167114337324383,64.245,115.0,0.6701517404417245,11.61139918595212,59.95059121986163,23.595,114.0
4800.0,4.0,4.0,6.0,0.1154154610745195,1.8165826841482087,10.350549531467303,66.646,115.0,0.5410356588195668,9.697892334712215,50.36547300469092,24.562,114.0
4800.0,4.0,4.0,6.0,0.09847148790527172,1.5451816958696616,8.805377948022727,69.132,115.0,0.436161905830204,8.28914860306814,42.1021266239525,25.454,114.0
4800.0,4.0,4.0,6.0,0.0839052302551977,1.3150557789519683,7.490343276918337,71.859,115.0,0.369887193748184,7.115133470186523,34.99923422236754,26.372,114.0
4800.0,4.0,4.0,6.0,0.07138967088081927,1.1200451406100242,6.37032221315401,74.143,115.0,0.31140956457085167,6.003389402917372,29.006884528769408,27.256,114.0
4800.0,4.0,4.0,6.0,0.06066054341653171,0.9544866867400665,5.415852911438603,76.697,115.0,0.2579034319629727,4.973235879025886,24.043188791641686,28.152,114.0
4800.0,4.0,4.0,6.0,0.051491420168531477,0.8135216274508783,4.602340031862131,78.856,115.0,0.21268213366386135,4.079084414231843,19.970537583305497,29.038,114.0
4800.0,4.0,4.0,6.0,0.04368016575767797,0.6931645966936383,3.909178763859029,81.456,115.0,0.17567469515483936,3.343428195871305,16.630182555065847,29.939,114.0
4800.0,4.0,4.0,6.0,0.03704318435859477,0.5902196561531858,3.3189605983437627,83.631,115.0,0.14814734120449202,2.7534070005788065,13.878104226708885,30.824,114.0
4800.0,4.0,4.0,6.0,0.03141411517543702,0.5021257318125895,2.8168362961644196,85.798,115.0,0.12471998083435665,2.279777835285715,11.599291320552245,31.741,114.0
4800.0,4.0,4.0,6.0,0.02664427930602642,0.42679423184973797,2.3900437038045066,88.395,115.0,0.10482427635105296,1.894958361039588,9.705205964145396,32.658,114.0
4800.0,4.0,4.0,6.0,0.02260317054594907,0.3624748412571971,2.0275704830257553,90.54,115.0,0.08796459507840382,1.5793205379740485,8.126539285200312,33.592,114.0
4800.0,4.0,4.0,6.0,0.019178248841626555,0.30766150262751996,1.7199104704412895,92.697,115.0,0.0737088972173865,1.31923696189807,6.807718709946044,34.526,114.0
4800.0,4.0,4.0,6.0,0.016273839293717174,0.26103505841645513,1.458876871234582,95.282,115.0,0.062029483542289654,1.104174304308339,5.703795743927951,35.457,114.0
4800.0,4.0,4.0,6.0,0.01380938791561448,0.221432099568958,1.2374463736433403,97.377,115.0,0.052211002918909344,0.9254714578188055,4.778476006657121,36.406,114.0
4800.0,4.0,4.0,6.0,0.011717378099433517,0.18782882918630492,1.0496194218358692,99.55,115.0,0.04387600246423062,0.7761402525006371,4.002427227216852,37.355,114.0
4800.0,4.0,4.0,6.0,0.009941210500414854,0.15933126096941705,0.8902903847392334,102.12,115.0,0.036820954085328594,0.650784182268991,3.351697797654299,38.319,114.0
4800.0,4.0,4.0,6.0,0.008433302940602516,0.13516646929900578,0.7551265291678303,104.2,115.0,0.030867042540421608,0.5453311956489786,2.8063991437312166,39.281,114.0
4800.0,4.0,4.0,6.0,0.007153461346661061,0.11467260659923544,0.640456976978236,106.374,115.0,0.0258579134040815,0.45665017989211887,2.349768082026279,40.243,114.0
4800.0,4.0,4.0,6.0,0.00606757841524086,0.09728725305622744,0.5431732910538101,108.925,115.0,0.02165715725584505,0.3822055287209954,1.9675736802398283,41.206,114.0
4800.0,4.0,4.0,6.0,0.005146608197435398,0.08253495205718739,0.4606425108903025,111.274,115.0,0.018147617897625423,0.3198378370635191,1.6477425128521885,42.178,114.0
4800.0,4.0,4.0,6.0,0.004365765943134647,0.07001463821766132,0.3906327552991794,113.654,115.0,0.015214033464815202,0.2676648801559228,1.3800820837435972,43.145,114.0
4800.0,4.0,4.0,6.0,0.0037038956133983447,0.05938800271144079,0.3312504623745374,116.396,115.0,0.012761410974633236,0.22405021189727206,1.1560353541447708,44.123,114.0
4800.0,4.0,4.0,6.0,0.0031429531566118385,0.050369193640314856,0.28088793140108137,118.777,115.0,0.01070945247738564,0.187591350286894,0.9684471343064901,45.119,114.0
4800.0,4.0,4.0,6.0,0.0026718608543205846,0.04271610684588535,0.2381795742886052,121.194,115.0,0.00899108630937917,0.15710366914327661,0.8113465686596196,46.109,114.0
4800.0,4.0,4.0,6.0,0.002279397073209566,0.03622321787431865,0.20196533290545057,123.943,115.0,0.0075509269623807995,0.13159632912754796,0.6797535467207947,47.102,114.0
4800.0,4.0,4.0,6.0,0.001946628571090514,0.03071574998341008,0.17125992604882345,126.319,115.0,0.006343350372333134,0.11024469978209034,0.5695125592273996,48.08,114.0
4800.0,4.0,4.0,6.0,0.001664504301402303,0.02604494818246527,0.14522681959971448,128.995,115.0,0.005330636279211376,0.09236373689715462,0.4771531230924621,49.073,114.0
4800.0,4.0,4.0,6.0,0.0014253250269007367,0.022084199858847943,0.12315607493988724,131.353,115.0,0.0044815686471793015,0.0773843745138187,0.39977381048365557,50.068,114.0
4800.0,4.0,4.0,6.0,0.0012225501051830179,0.01872579963786221,0.10444543208531926,133.966,115.0,0.003769850167259392,0.06483336135948951,0.33494644560423775,51.06,114.0
4800.0,4.0,4.0,6.0,0.001050630295026167,0.015878211307761687,0.08858413402279895,136.215,115.0,0.0031733083656035888,0.05431641902465269,0.2806371420407768,52.036,114.0
4800.0,4.0,4.0,6.0,0.0009048620148064401,0.013463722930676903,0.075139100270221,138.401,115.0,0.0026734176267950716,0.0455042309481782,0.23514134645480447,53.029,114.0
4800.0,4.0,4.0,6.0,0.000781260995950106,0.0114164083453242,0.06374314706488594,140.978,115.0,0.002254593708073571,0.03812106466092574,0.19703025367490712,54.006,114.0
4800.0,4.0,4.0,6.0,0.0006764526538063365,0.009680386054321003,0.054084953275132526,143.111,115.0,0.001903726405373618,0.0319357939024513,0.1651061944185635,54.999,114.0
4800.0,4.0,4.0,6.0,0.0005875785863622696,0.008208290092212626,0.0459005605848038,145.595,115.0,0.0016097974556146255,0.02675439642152448,0.1383655189533057,55.96,114.0
4800.0,4.0,4.0,6.0,0.0005122166450064469,0.006959988765635401,0.03896615167967842,147.813,115.0,0.0013635625410870489,0.022414063886965326,0.11596736371861822,56.922,114.0
4800.0,4.0,4.0,6.0,0.00044831377744003476,0.0059014595535458875,0.033091952869655904,150.334,115.0,0.00115727269422905,0.01877825556124283,0.09720736094962396,57.868,114.0
4800.0,4.0,4.0,6.0,0.0003941288687769884,0.005003870753590123,0.0281170488905741,152.487,115.0,0.0009844393535445306,0.015732509711615134,0.08149553825781043,58.922,114.0
4800.0,4.0,4.0,6.0,0.000348185246821231,0.004242764092373672,0.023905019310879305,155.019,115.0,0.0008396282748890371,0.01318094895477355,0.06833772429689661,59.869,114.0
4800.0,4.0,4.0,6.0,0.0003092302054596985,0.00359740382637838,0.020340224759481176,157.228,115.0,0.0007182958138969298,0.011043324317933671,0.057319926994250425,60.8,114.0
4800.0,4.0,4.0,6.0,0.0002762011437198453,0.00305019305976553,0.017324682099839065,159.737,115.0,0.0006166319351450511,0.009252430844642253,0.048095317043365865,61.712,114.0
4800.0,4.0,4.0,6.0,0.00024819672358944445,0.002586226389863089,0.014775399926181605,161.882,115.0,0.000531450089908958,0.007751970233986282,0.04037335305518364,62.629,114.0
4800.0,4.0,4.0,6.0,0.00022445266307613565,0.0021928223391699574,0.012622139094293727,164.416,115.0,0.0004600784979515993,0.006494856396293467,0.0339105990058276,63.541,114.0
4800.0,4.0,4.0,6.0,0.0002043205826112171,0.0018592638152416098,0.010805463512110695,166.498,115.0,0.00040027934244335484,0.005441586355471465,0.028503155059286706,64.454,114.0
4800.0,4.0,4.0,6.0,0.00018725088392557154,0.0015764531706020182,0.009275113843810637,168.793,115.0,0.00035017813900140027,0.004559125645457735,0.023980200013766072,65.353,114.0
4800.0,4.0,4.0,6.0,0.0001727778764006871,0.001336651285299461,0.007988572726638589,171.363,115.0,0.00030820092604244564,0.0038197837156340748,0.020198659968096902,66.237,114.0
4800.0,4.0,4.0,6.0,0.00016050633666964131,0.001133328157828509,0.006909827918231905,173.585,115.0,0.00027303053968807944,0.0032003414467940434,0.017038758103944878,67.135,114.0
4800.0,4.0,4.0,6.0,0.0001501012970948068,0.0009609416724274434,0.0060083338822550314,176.138,115.0,0.00024356370340683497,0.002681358563255048,0.014400264998010613,68.019,114.0
4800.0,4.0,4.0,6.0,0.0001412790963399857,0.0008147645210154737,0.005258061469439349,178.25,115.0,0.00021887493517169787,0.0022465327759437826,0.012199381424985958,68.903,114.0
4800.0,4.0,4.0,6.0,0.00013379882096842266,0.0006908241259593403,0.00463672236340309,180.629,115.0,0.00019819162270096058,0.0018822126356563432,0.010366082856037852,69.787,114.0
4800.0,4.0,4.0,6.0,0.00012745630118615736,0.0005857454264921491,0.0041251681652344765,183.348,115.0,0.00018086139954220926,0.0015770094929676843,0.008841837494666643,70.685,114.0
4800.0,4.0,4.0,6.0,0.00012207869593794385,0.000496639907913231,0.003706829343991455,185.657,115.0,0.00016634009426752527,0.0013212727485156965,0.0075777860991552174,71.568,114.0
4800.0,4.0,4.0,6.0,0.00011751908914447995,0.0004210897635950996,0.0033673710449647542,188.134,115.0,0.0001541754451181987,0.0011070005582974971,0.0065329972614502,72.451,114.0
4800.0,4.0,4.0,6.0,0.00011365298792043177,0.00035704173676568736,0.0030944454214112513,190.857,115.0,0.0001439823221289771,0.0009275129658231527,0.005673045430389126,73.352,114.0
4800.0,4.0,4.0,6.0,0.00011037511831091251,0.0003027250181637191,0.0028773526497187897,193.259,115.0,0.00013544123567044153,0.0007770963456932637,0.004968877657178196,74.234,114.0
4800.0,4.0,4.0,6.0,0.00011039342968716115,0.00025667249218730057,0.002706850947590185,195.683,115.0,0.0001282872074170882,0.0006510662478103923,0.004395671291950785,75.121,114.0
4800.0,4.0,4.0,6.0,0.00011043642460545344,0.0002176352181171742,0.0025749557026292294,198.357,115.0,0.00012229251592543733,0.0005454998243718597,0.003932026586881384,76.0,114.0
4800.0,4.0,4.0,6.0,0.0001104728712680858,0.00018452404484597054,0.002474594876732481,200.67,115.0,0.00011726977101034208,0.0004570394537953751,0.0035594096904983264,76.899,114.0
4800.0,4.0,4.0,6.0,0.00011050377849197712,0.00015645265608649008,0.0023995391713125037,203.037,115.0,0.00011306147001732825,0.000382926698800784,0.0032617872137157924,77.782,114.0
4800.0,4.0,4.0,6.0,0.00011052998856603269,0.00013266050565439256,0.002344417706819245,205.666,115.0,0.00011102957933095681,0.0003208315675262778,0.003025429077563726,78.682,114.0
4800.0,4.0,4.0,6.0,0.00011055220263817,0.00011247575943337825,0.002304562808344964,207.892,115.0,0.00011097217332484144,0.0002688078164299347,0.002838719014747248,79.564,114.0
4800.0,4.0,4.0,6.0,0.00011057104087969227,9.536396152203017e-5,0.0022761450045597044,210.148,115.0,0.0001109240763085273,0.00022522685928799886,0.0026919337851221722,80.463,114.0
4800.0,4.0,4.0,6.0,0.00011058701913796432,8.086404904861167e-5,0.00225618574821768,212.667,115.0,0.00011088377827012108,0.00018871226622376653,0.002577025231630297,81.346,114.0
4800.0,4.0,4.0,6.0,0.00011060055783529421,6.855879184138378e-5,0.0022423067238629395,214.849,115.0,0.00011085002871646932,0.00015810150086152173,0.0024874139325055636,82.23,114.0
4800.0,4.0,4.0,6.0,0.00011061204045409445,5.812744053789208e-5,0.0022327522625743956,217.016,115.0,0.00011082173457377387,0.0001324494025192599,0.002417737088024406,83.129,114.0
4800.0,4.0,4.0,6.0,0.0001106217818958588,4.9291865604476876e-5,0.002226302866403167,219.483,115.0,0.00011079803208252637,0.00011098449477077366,0.0023637327477351836,84.012,114.0
4800.0,4.0,4.0,6.0,0.00011063003261524429,4.178934715238985e-5,0.002221988403592439,221.638,115.0,0.00011077817348453811,9.299531723137942e-5,0.0023221099811774324,84.912,114.0
4800.0,4.0,4.0,6.0,0.00011063703155478333,3.543028292122806e-5,0.0022191421677260907,223.833,115.0,0.00011076154798550508,7.791005983834949e-5,0.0022906481416897725,85.795,114.0
4800.0,4.0,4.0,6.0,0.00011064297142521218,3.004754777907967e-5,0.0022173586355434985,226.379,115.0,0.00011074760206097878,6.525955614124106e-5,0.00226842773922019,86.679,114.0
4800.0,4.0,4.0,6.0,0.00011064799878712783,2.5472045043950167e-5,0.0022162611273673035,228.538,115.0,0.00011073592095905971,5.4690655151120224e-5,0.0022542401774146266,87.56,114.0
4800.0,4.0,4.0,6.0,0.00011065226476303369,2.1595567680879232e-5,0.0022156122721847292,231.058,115.0,0.00011072613354512484,4.5822578523340835e-5,0.002244942835877121,88.459,114.0
4800.0,4.0,4.0,6.0,0.00011065588739445076,1.8317565394378913e-5,0.0022153131360472963,233.244,115.0,0.00011071793467648527,3.8384378981167605e-5,0.0022384062084920046,89.374,114.0
4800.0,4.0,4.0,6.0,0.00011065894996559189,1.5526310154250373e-5,0.0022152031667426156,235.523,115.0,0.0001107110657967425,3.2160642331236605e-5,0.0022336529586550113,90.306,114.0
4800.0,4.0,4.0,6.0,0.00011066155005790002,1.3166453895714577e-5,0.002215217251813123,237.86,115.0,0.00011070531027612684,2.6947713625122318e-5,0.0022301338632922077,91.235,114.0
4800.0,4.0,4.0,6.0,0.00011066375523460792,1.116284312937009e-5,0.0022153114237293495,240.461,115.0,0.00011070048827116485,2.257885561666942e-5,0.002227500528650684,92.15,114.0
4800.0,4.0,4.0,6.0,0.0001106656258105243,9.465175894108459e-6,0.002215445861862228,242.703,115.0,0.00011069644821831703,1.8918186030088104e-5,0.0022255105916311143,93.095,114.0
4800.0,4.0,4.0,6.0,0.00011066721052793715,8.022683780080956e-6,0.0022155815227611754,245.224,115.0,0.00011069306252126099,1.585679153674926e-5,0.0022239981894607978,94.025,114.0
4800.0,4.0,4.0,6.0,0.0001106685593574297,6.809859482209799e-6,0.002215759861392704,247.383,115.0,0.00011069022666293504,1.3277749995449493e-5,0.0022228313577671143,95.067,114.0
4800.0,4.0,4.0,6.0,0.00011066969425427287,5.768208729898687e-6,0.002215920152707209,249.606,115.0,0.00011068785101864265,1.1124089039415293e-5,0.0022219325132092254,96.027,114.0
4800.0,4.0,4.0,6.0,0.0001106706598924534,4.890136651150612e-6,0.002216047950956141,252.231,115.0,0.00011068586009943537,9.322833203610688e-6,0.0022212260874204053,97.068,114.0
4800.0,4.0,4.0,6.0,0.00011067148296733942,4.148003709780422e-6,0.0022161822145123833,254.656,115.0,0.00011068419154020015,7.818807920536743e-6,0.002220681826960594,98.03,114.0
4800.0,4.0,4.0,6.0,0.00011067217902005488,3.5211703440922557e-6,0.002216326007558169,257.334,115.0,0.00011068279622289401,6.543919100047957e-6,0.0022202417965933577,98.976,114.0
4800.0,4.0,4.0,6.0,0.00011067276265208648,2.9808180053089115e-6,0.002216418795629492,259.571,115.0,0.00011068162501232104,5.4756663467312576e-6,0.002219896977262561,99.923,114.0
4800.0,4.0,4.0,6.0,0.00011067326664454535,2.5339993969752146e-6,0.00221653362142355,262.297,115.0,0.00011068064349745166,4.592502821892099e-6,0.002219620441437581,100.883,114.0
4800.0,4.0,4.0,6.0,0.00011067368510253583,2.143939752278894e-6,0.0022166023414058452,264.66,115.0,0.00011067982111639951,3.8509412271722945e-6,0.002219398394478828,101.844,114.0
4800.0,4.0,4.0,6.0,0.00011067404907200151,1.829668589117716e-6,0.0022166941759021786,267.074,115.0,0.00011067913176643351,3.2226745530591517e-6,0.002219216844517182,102.829,114.0
4800.0,4.0,4.0,6.0,0.00011067434918071717,1.5410825652798928e-6,0.0022167617282506094,269.83,115.0,0.00011067855561003315,2.700066845603321e-6,0.0022190693043235917,103.798,114.0
4800.0,4.0,4.0,6.0,0.00011067460679176078,1.3117866897898599e-6,0.002216797632848695,272.173,115.0,0.00011067807186665446,2.2636472166692564e-6,0.0022189480536799915,104.791,114.0
4800.0,4.0,4.0,6.0,0.00011067483083609941,1.124027761212421e-6,0.0022168631148430573,274.834,115.0,0.00011067766674777157,1.900417118320762e-6,0.0022188486785589337,105.768,114.0
4800.0,4.0,4.0,6.0,0.00011067501178280148,9.40482785216539e-7,0.0022169074068253487,277.186,115.0,0.00011067732673825104,1.6051415321210264e-6,0.0022187673997706614,106.746,114.0
4800.0,4.0,4.0,6.0,0,0,0,0,0,0.00011067705478606804,1.335872546607831e-6,0.0022187024567058783,107.738,114.0
4800.0,4.0,4.0,6.0,0,0,0,0,0,0.00011067681022258746,1.103904920359581e-6,0.002218643400805188,108.734,114.0
4800.0,4.0,4.0,6.0,0,0,0,0,0,0.0001106766085249844,9.45336295222705e-7,0.0022186008310780708,109.733,114.0
